loss,accuracy,val_loss,val_accuracy
1.4080277681350708,0.41904762387275696,1.0219892263412476,0.644444465637207
